file,room_name
bedroom/019.jpg,bedroom
bedroom/052.jpg,bedroom
bedroom/025.jpg,bedroom
bedroom/004.jpg,bedroom
bedroom/023.jpg,bedroom
bedroom/037.jpg,bedroom
bedroom/056.jpg,bedroom
bedroom/046.jpg,bedroom
bedroom/048.jpg,bedroom
bedroom/029.jpg,bedroom
bedroom/007.jpg,bedroom
bedroom/026.jpg,bedroom
bedroom/053.jpg,bedroom
bedroom/059.jpg,bedroom
bedroom/057.jpg,bedroom
bedroom/015.jpg,bedroom
bedroom/022.jpg,bedroom
bedroom/028.jpg,bedroom
bedroom/050.jpg,bedroom
bedroom/063.jpg,bedroom
bedroom/014.jpg,bedroom
bedroom/060.jpg,bedroom
bedroom/040.jpg,bedroom
bedroom/006.jpg,bedroom
bedroom/041.jpg,bedroom
bedroom/042.jpg,bedroom
bedroom/045.jpg,bedroom
bedroom/024.jpg,bedroom
bedroom/032.jpg,bedroom
bedroom/030.jpg,bedroom
bedroom/027.jpg,bedroom
bedroom/062.jpg,bedroom
bedroom/054.jpg,bedroom
bedroom/010.jpg,bedroom
bedroom/044.jpg,bedroom
bedroom/008.jpg,bedroom
bedroom/001.jpg,bedroom
bedroom/031.jpg,bedroom
bedroom/043.jpg,bedroom
bedroom/020.jpg,bedroom
bedroom/005.jpg,bedroom
bedroom/036.jpg,bedroom
bedroom/034.jpg,bedroom
bedroom/033.jpg,bedroom
bedroom/038.jpg,bedroom
bedroom/055.jpg,bedroom
bedroom/016.jpg,bedroom
bedroom/017.jpg,bedroom
bedroom/049.jpg,bedroom
bedroom/061.jpg,bedroom
bedroom/013.jpg,bedroom
bedroom/058.jpg,bedroom
bedroom/011.jpg,bedroom
bedroom/009.jpg,bedroom
bedroom/021.jpg,bedroom
bedroom/003.jpg,bedroom
bedroom/035.jpg,bedroom
bedroom/002.jpg,bedroom
bedroom/012.jpg,bedroom
bedroom/051.jpg,bedroom
bedroom/064.jpg,bedroom
bedroom/039.jpg,bedroom
bedroom/047.jpg,bedroom
bedroom/018.jpg,bedroom
bathroom/019.jpg,bathroom
bathroom/065.jpg,bathroom
bathroom/052.jpg,bathroom
bathroom/025.jpg,bathroom
bathroom/004.jpg,bathroom
bathroom/023.jpg,bathroom
bathroom/037.jpg,bathroom
bathroom/056.jpg,bathroom
bathroom/046.jpg,bathroom
bathroom/076.jpg,bathroom
bathroom/048.jpg,bathroom
bathroom/029.jpg,bathroom
bathroom/007.jpg,bathroom
bathroom/026.jpg,bathroom
bathroom/053.jpg,bathroom
bathroom/059.jpg,bathroom
bathroom/082.jpg,bathroom
bathroom/057.jpg,bathroom
bathroom/015.jpg,bathroom
bathroom/022.jpg,bathroom
bathroom/079.jpg,bathroom
bathroom/028.jpg,bathroom
bathroom/050.jpg,bathroom
bathroom/063.jpg,bathroom
bathroom/014.jpg,bathroom
bathroom/060.jpg,bathroom
bathroom/068.jpg,bathroom
bathroom/040.jpg,bathroom
bathroom/069.jpg,bathroom
bathroom/006.jpg,bathroom
bathroom/080.jpg,bathroom
bathroom/041.jpg,bathroom
bathroom/042.jpg,bathroom
bathroom/045.jpg,bathroom
bathroom/024.jpg,bathroom
bathroom/032.jpg,bathroom
bathroom/030.jpg,bathroom
bathroom/027.jpg,bathroom
bathroom/078.jpg,bathroom
bathroom/071.jpg,bathroom
bathroom/074.jpg,bathroom
bathroom/062.jpg,bathroom
bathroom/075.jpg,bathroom
bathroom/054.jpg,bathroom
bathroom/072.jpg,bathroom
bathroom/010.jpg,bathroom
bathroom/044.jpg,bathroom
bathroom/008.jpg,bathroom
bathroom/001.jpg,bathroom
bathroom/031.jpg,bathroom
bathroom/081.jpg,bathroom
bathroom/077.jpg,bathroom
bathroom/043.jpg,bathroom
bathroom/020.jpg,bathroom
bathroom/005.jpg,bathroom
bathroom/070.jpg,bathroom
bathroom/036.jpg,bathroom
bathroom/034.jpg,bathroom
bathroom/033.jpg,bathroom
bathroom/038.jpg,bathroom
bathroom/055.jpg,bathroom
bathroom/016.jpg,bathroom
bathroom/017.jpg,bathroom
bathroom/049.jpg,bathroom
bathroom/061.jpg,bathroom
bathroom/013.jpg,bathroom
bathroom/058.jpg,bathroom
bathroom/011.jpg,bathroom
bathroom/009.jpg,bathroom
bathroom/021.jpg,bathroom
bathroom/003.jpg,bathroom
bathroom/073.jpg,bathroom
bathroom/035.jpg,bathroom
bathroom/002.jpg,bathroom
bathroom/067.jpg,bathroom
bathroom/012.jpg,bathroom
bathroom/051.jpg,bathroom
bathroom/066.jpg,bathroom
bathroom/064.jpg,bathroom
bathroom/039.jpg,bathroom
bathroom/047.jpg,bathroom
bathroom/018.jpg,bathroom
office/019.jpg,office
office/065.jpg,office
office/052.jpg,office
office/025.jpg,office
office/004.jpg,office
office/023.jpg,office
office/037.jpg,office
office/056.jpg,office
office/094.jpg,office
office/046.jpg,office
office/089.jpg,office
office/076.jpg,office
office/048.jpg,office
office/029.jpg,office
office/088.jpg,office
office/007.jpg,office
office/026.jpg,office
office/053.jpg,office
office/059.jpg,office
office/086.jpg,office
office/082.jpg,office
office/057.jpg,office
office/015.jpg,office
office/022.jpg,office
office/079.jpg,office
office/028.jpg,office
office/092.jpg,office
office/099.jpg,office
office/050.jpg,office
office/063.jpg,office
office/014.jpg,office
office/060.jpg,office
office/068.jpg,office
office/040.jpg,office
office/069.jpg,office
office/097.jpg,office
office/006.jpg,office
office/096.jpg,office
office/080.jpg,office
office/041.jpg,office
office/042.jpg,office
office/045.jpg,office
office/090.jpg,office
office/024.jpg,office
office/032.jpg,office
office/030.jpg,office
office/027.jpg,office
office/078.jpg,office
office/085.jpg,office
office/071.jpg,office
office/074.jpg,office
office/062.jpg,office
office/075.jpg,office
office/054.jpg,office
office/072.jpg,office
office/010.jpg,office
office/044.jpg,office
office/100.jpg,office
office/008.jpg,office
office/001.jpg,office
office/031.jpg,office
office/081.jpg,office
office/077.jpg,office
office/043.jpg,office
office/020.jpg,office
office/005.jpg,office
office/070.jpg,office
office/095.jpg,office
office/093.jpg,office
office/036.jpg,office
office/034.jpg,office
office/091.jpg,office
office/033.jpg,office
office/038.jpg,office
office/055.jpg,office
office/087.jpg,office
office/016.jpg,office
office/017.jpg,office
office/049.jpg,office
office/083.jpg,office
office/061.jpg,office
office/013.jpg,office
office/058.jpg,office
office/011.jpg,office
office/009.jpg,office
office/098.jpg,office
office/084.jpg,office
office/021.jpg,office
office/003.jpg,office
office/073.jpg,office
office/035.jpg,office
office/002.jpg,office
office/067.jpg,office
office/012.jpg,office
office/051.jpg,office
office/066.jpg,office
office/064.jpg,office
office/039.jpg,office
office/047.jpg,office
office/018.jpg,office
kitchen/019.jpg,kitchen
kitchen/052.jpg,kitchen
kitchen/025.jpg,kitchen
kitchen/004.jpg,kitchen
kitchen/023.jpg,kitchen
kitchen/037.jpg,kitchen
kitchen/056.jpg,kitchen
kitchen/046.jpg,kitchen
kitchen/048.jpg,kitchen
kitchen/029.jpg,kitchen
kitchen/007.jpg,kitchen
kitchen/026.jpg,kitchen
kitchen/053.jpg,kitchen
kitchen/059.jpg,kitchen
kitchen/057.jpg,kitchen
kitchen/015.jpg,kitchen
kitchen/022.jpg,kitchen
kitchen/028.jpg,kitchen
kitchen/050.jpg,kitchen
kitchen/063.jpg,kitchen
kitchen/014.jpg,kitchen
kitchen/060.jpg,kitchen
kitchen/040.jpg,kitchen
kitchen/006.jpg,kitchen
kitchen/041.jpg,kitchen
kitchen/042.jpg,kitchen
kitchen/045.jpg,kitchen
kitchen/024.jpg,kitchen
kitchen/032.jpg,kitchen
kitchen/030.jpg,kitchen
kitchen/027.jpg,kitchen
kitchen/062.jpg,kitchen
kitchen/054.jpg,kitchen
kitchen/010.jpg,kitchen
kitchen/044.jpg,kitchen
kitchen/008.jpg,kitchen
kitchen/001.jpg,kitchen
kitchen/031.jpg,kitchen
kitchen/043.jpg,kitchen
kitchen/020.jpg,kitchen
kitchen/005.jpg,kitchen
kitchen/036.jpg,kitchen
kitchen/034.jpg,kitchen
kitchen/033.jpg,kitchen
kitchen/038.jpg,kitchen
kitchen/055.jpg,kitchen
kitchen/016.jpg,kitchen
kitchen/017.jpg,kitchen
kitchen/049.jpg,kitchen
kitchen/061.jpg,kitchen
kitchen/013.jpg,kitchen
kitchen/058.jpg,kitchen
kitchen/011.jpg,kitchen
kitchen/009.jpg,kitchen
kitchen/021.jpg,kitchen
kitchen/003.jpg,kitchen
kitchen/035.jpg,kitchen
kitchen/002.jpg,kitchen
kitchen/012.jpg,kitchen
kitchen/051.jpg,kitchen
kitchen/064.jpg,kitchen
kitchen/039.jpg,kitchen
kitchen/047.jpg,kitchen
kitchen/018.jpg,kitchen
dining_room/019.jpg,dining_room
dining_room/065.jpg,dining_room
dining_room/052.jpg,dining_room
dining_room/025.jpg,dining_room
dining_room/004.jpg,dining_room
dining_room/023.jpg,dining_room
dining_room/037.jpg,dining_room
dining_room/056.jpg,dining_room
dining_room/046.jpg,dining_room
dining_room/089.jpg,dining_room
dining_room/076.jpg,dining_room
dining_room/048.jpg,dining_room
dining_room/029.jpg,dining_room
dining_room/088.jpg,dining_room
dining_room/007.jpg,dining_room
dining_room/026.jpg,dining_room
dining_room/053.jpg,dining_room
dining_room/059.jpg,dining_room
dining_room/086.jpg,dining_room
dining_room/082.jpg,dining_room
dining_room/057.jpg,dining_room
dining_room/015.jpg,dining_room
dining_room/022.jpg,dining_room
dining_room/079.jpg,dining_room
dining_room/028.jpg,dining_room
dining_room/092.jpg,dining_room
dining_room/050.jpg,dining_room
dining_room/063.jpg,dining_room
dining_room/014.jpg,dining_room
dining_room/060.jpg,dining_room
dining_room/068.jpg,dining_room
dining_room/040.jpg,dining_room
dining_room/069.jpg,dining_room
dining_room/006.jpg,dining_room
dining_room/080.jpg,dining_room
dining_room/041.jpg,dining_room
dining_room/042.jpg,dining_room
dining_room/045.jpg,dining_room
dining_room/090.jpg,dining_room
dining_room/024.jpg,dining_room
dining_room/032.jpg,dining_room
dining_room/030.jpg,dining_room
dining_room/027.jpg,dining_room
dining_room/078.jpg,dining_room
dining_room/085.jpg,dining_room
dining_room/071.jpg,dining_room
dining_room/074.jpg,dining_room
dining_room/062.jpg,dining_room
dining_room/075.jpg,dining_room
dining_room/054.jpg,dining_room
dining_room/072.jpg,dining_room
dining_room/010.jpg,dining_room
dining_room/044.jpg,dining_room
dining_room/008.jpg,dining_room
dining_room/001.jpg,dining_room
dining_room/031.jpg,dining_room
dining_room/081.jpg,dining_room
dining_room/077.jpg,dining_room
dining_room/043.jpg,dining_room
dining_room/020.jpg,dining_room
dining_room/005.jpg,dining_room
dining_room/070.jpg,dining_room
dining_room/093.jpg,dining_room
dining_room/036.jpg,dining_room
dining_room/034.jpg,dining_room
dining_room/091.jpg,dining_room
dining_room/033.jpg,dining_room
dining_room/038.jpg,dining_room
dining_room/055.jpg,dining_room
dining_room/087.jpg,dining_room
dining_room/016.jpg,dining_room
dining_room/017.jpg,dining_room
dining_room/049.jpg,dining_room
dining_room/083.jpg,dining_room
dining_room/061.jpg,dining_room
dining_room/013.jpg,dining_room
dining_room/058.jpg,dining_room
dining_room/011.jpg,dining_room
dining_room/009.jpg,dining_room
dining_room/084.jpg,dining_room
dining_room/021.jpg,dining_room
dining_room/003.jpg,dining_room
dining_room/073.jpg,dining_room
dining_room/035.jpg,dining_room
dining_room/002.jpg,dining_room
dining_room/067.jpg,dining_room
dining_room/012.jpg,dining_room
dining_room/051.jpg,dining_room
dining_room/066.jpg,dining_room
dining_room/064.jpg,dining_room
dining_room/039.jpg,dining_room
dining_room/047.jpg,dining_room
dining_room/018.jpg,dining_room
living_room/019.jpg,living_room
living_room/052.jpg,living_room
living_room/025.jpg,living_room
living_room/004.jpg,living_room
living_room/023.jpg,living_room
living_room/037.jpg,living_room
living_room/056.jpg,living_room
living_room/046.jpg,living_room
living_room/048.jpg,living_room
living_room/029.jpg,living_room
living_room/007.jpg,living_room
living_room/026.jpg,living_room
living_room/053.jpg,living_room
living_room/059.jpg,living_room
living_room/057.jpg,living_room
living_room/015.jpg,living_room
living_room/022.jpg,living_room
living_room/028.jpg,living_room
living_room/050.jpg,living_room
living_room/014.jpg,living_room
living_room/060.jpg,living_room
living_room/040.jpg,living_room
living_room/006.jpg,living_room
living_room/041.jpg,living_room
living_room/042.jpg,living_room
living_room/045.jpg,living_room
living_room/024.jpg,living_room
living_room/032.jpg,living_room
living_room/030.jpg,living_room
living_room/027.jpg,living_room
living_room/062.jpg,living_room
living_room/054.jpg,living_room
living_room/010.jpg,living_room
living_room/044.jpg,living_room
living_room/008.jpg,living_room
living_room/001.jpg,living_room
living_room/031.jpg,living_room
living_room/043.jpg,living_room
living_room/020.jpg,living_room
living_room/005.jpg,living_room
living_room/036.jpg,living_room
living_room/034.jpg,living_room
living_room/033.jpg,living_room
living_room/038.jpg,living_room
living_room/055.jpg,living_room
living_room/016.jpg,living_room
living_room/017.jpg,living_room
living_room/049.jpg,living_room
living_room/061.jpg,living_room
living_room/013.jpg,living_room
living_room/058.jpg,living_room
living_room/011.jpg,living_room
living_room/009.jpg,living_room
living_room/021.jpg,living_room
living_room/003.jpg,living_room
living_room/035.jpg,living_room
living_room/002.jpg,living_room
living_room/012.jpg,living_room
living_room/051.jpg,living_room
living_room/039.jpg,living_room
living_room/047.jpg,living_room
living_room/018.jpg,living_room
